baseline,zone,n,mae,rmse
seasonal_naive,all,20372,0.031558404795798155,0.04763812247811284
seasonal_naive,SE1,5093,0.028755506577655607,0.045296581172305644
seasonal_naive,SE2,5093,0.028483918122913808,0.0456393672452428
seasonal_naive,SE3,5093,0.0328436854506185,0.047520773579982856
seasonal_naive,SE4,5093,0.03615050903200471,0.05181319159126666
persistence,all,20372,0.03170878767425879,0.04721210960981526
persistence,SE1,5093,0.026489267622226587,0.04156058488348726
persistence,SE2,5093,0.026409359905752994,0.04211311539398645
persistence,SE3,5093,0.034938167582957,0.049446434930838785
persistence,SE4,5093,0.038998355586098564,0.054499417830123686
climatology,all,20372,0.03958524876087578,0.05288923229817763
climatology,SE1,5093,0.03561083324435255,0.049816543701632084
climatology,SE2,5093,0.035886572070940266,0.04957280055804619
climatology,SE3,5093,0.04315937947860258,0.0558589344185964
climatology,SE4,5093,0.04368421024960771,0.055943832872237906
